location,spray,ice_volume_max,total_water_input,initial_ice_mass,total_water_frozen,M_ppt,M_dep,total_direct_waste,total_meltwater,total_sublimation,final_ice_mass,water_balance_diff,water_balance_pct,water_use_efficiency,freezing_efficiency,stupa_retention_efficiency,direct_waste_ratio,overall_water_loss_ratio
guttannen22,scheduled_field,66.48027766777702,75222.84,9805.613553337198,0.0,23262.46670690138,893.5155572325177,64565.67351839619,11779.176318883612,1178.84104271535,29513.629160401993,2147.1157770739665,1.9665035231426244,39.23493072104429,0.0,,85.8325390511661,101.4915813299256
guttannen22,unscheduled_field,53.28816650308838,677171.9999999998,6266.960498163981,0.0,16057.71603495266,339.64681692819937,650008.1428437373,15756.961100065993,1405.6243818323396,30475.257059643143,2190.337964765844,0.3129786053803154,4.500371701671533,0.0,,95.98863255476267,98.31550978832607
guttannen22,scheduled_wue,40.32568399773266,4221.0,6683.54987495307,0.0,16044.612189752852,781.78637707901,3747.6794089532495,6333.453238158899,728.4875762925033,15668.6772397403,1252.6509786399838,4.51715880280709,371.2077052769557,0.0,,88.78652947058161,238.8328037695368
guttannen22,scheduled_icv,59.754284419785904,369891.0,6683.54987495307,0.0,17206.925430282412,280.4376323313936,333182.1633165737,21107.100636260217,1710.8787820259581,35412.343684968895,2649.4265177380876,0.6723376278584551,9.573724066000226,0.0,,90.07576916350322,95.78207200305873
