spray,total_in,water_input,initial_ice,precipitation,deposition,total_out,final_ice,direct_waste,meltwater,sublimation,balance,balance_pct
scheduled_field,109184.4358174711,75222.84,9805.613553337198,23262.46670690138,893.5155572325177,107037.32004039713,29513.629160401997,64565.67351839619,11779.176318883612,1178.84104271535,2147.1157770739665,1.9665035231426244
unscheduled_field,699836.3233500445,677171.9999999998,6266.960498163981,16057.71603495266,339.64681692819937,697645.9853852787,30475.257059643143,650008.1428437373,15756.961100065992,1405.6243818323396,2190.337964765844,0.3129786053803154
scheduled_wue,27730.948441784934,4221.0,6683.54987495307,16044.612189752852,781.78637707901,26478.29746314495,15668.6772397403,3747.6794089532495,6333.453238158899,728.4875762925033,1252.6509786399838,4.51715880280709
scheduled_icv,394061.91293756687,369891.0,6683.54987495307,17206.925430282412,280.4376323313936,391412.4864198288,35412.343684968895,333182.1633165737,21107.100636260217,1710.878782025958,2649.4265177380876,0.6723376278584551
